Category: All categories,
,
Month,download phonepe: (India)
2012-03,0
2012-04,0
2012-05,0
2012-06,0
2012-07,0
2012-08,0
2012-09,0
2012-10,0
2012-11,0
2012-12,0
2013-01,0
2013-02,0
2013-03,0
2013-04,0
2013-05,0
2013-06,0
2013-07,0
2013-08,0
2013-09,0
2013-10,0
2013-11,0
2013-12,0
2014-01,0
2014-02,0
2014-03,0
2014-04,0
2014-05,0
2014-06,0
2014-07,0
2014-08,0
2014-09,0
2014-10,0
2014-11,0
2014-12,0
2015-01,0
2015-02,0
2015-03,0
2015-04,0
2015-05,0
2015-06,0
2015-07,0
2015-08,0
2015-09,0
2015-10,0
2015-11,3
2015-12,0
2016-01,0
2016-02,0
2016-03,0
2016-04,0
2016-05,0
2016-06,0
2016-07,0
2016-08,0
2016-09,0
2016-10,2
2016-11,0
2016-12,11
2017-01,4
2017-02,3
2017-03,5
2017-04,3
2017-05,7
2017-06,5
2017-07,3
2017-08,5
2017-09,6
2017-10,12
2017-11,9
2017-12,9
2018-01,12
2018-02,8
2018-03,13
2018-04,15
2018-05,12
2018-06,14
2018-07,17
2018-08,17
2018-09,17
2018-10,17
2018-11,21
2018-12,27
2019-01,29
2019-02,25
2019-03,24
2019-04,25
2019-05,22
2019-06,27
2019-07,31
2019-08,27
2019-09,38
2019-10,36
2019-11,34
2019-12,30
2020-01,35
2020-02,33
2020-03,49
2020-04,63
2020-05,55
2020-06,53
2020-07,50
2020-08,56
2020-09,48
2020-10,46
2020-11,51
2020-12,48
2021-01,57
2021-02,50
2021-03,48
2021-04,50
2021-05,57
2021-06,58
2021-07,53
2021-08,51
2021-09,63
2021-10,67
2021-11,63
2021-12,62
2022-01,75
2022-02,65
2022-03,62
2022-04,63
2022-05,71
2022-06,68
2022-07,66
2022-08,63
2022-09,70
2022-10,74
2022-11,60
2022-12,62
2023-01,59
2023-02,67
2023-03,64
2023-04,66
2023-05,66
2023-06,80
2023-07,100
2023-08,92
2023-09,82
2023-10,82
2023-11,68
2023-12,82
2024-01,70
2024-02,79
2024-03,76
